{
    "17DRP5sb8fy": [0],
    "1LXtFkjw3qL": [-3.105,0,-3.105],
    "1pXnuDYAj8r": [0,3.486],
    "29hnd4uzFmX": [-0.410,2.6660],
    "2azQ1b91cZZ": [0,3.398],
    "2n8kARJN3HM": [-3.6621,0],
    "2t7WUuJeko7": [0],
    "5LpN3gDmAk7": [-1.3183,2.9296],
    "5q7pvUzZiYa": [-3.5449,0,3.13476],
    "5ZKStnWn8Zo": [-3.222,0],
    "759xd9YjKW5": [0,3.1054],
    "7y3sRwLe3Va": [-2.6953,0,3.0761],
    "8194nk5LbLH": [0,2.8125],
    "82sE5b5pLXE": [-0.820],
    "8WUmhLawc2A": [0],
    "aayBHfsNo7d": [0,3.398],
    "ac26ZMwG7aT": [0],
    "ARNzJeq3xxb": [0],
    "B6ByNegPMKs": [0],
    "b8cTxDM8gDG": [-3.662,0,3.3984],
    "cV4RVeZvu5T": [-1.054,0.7031,3.2226],
    "D7G3Y4RVNrH": [-3.5449,0,2.4023],
    "D7N2EKCX4Sj": [-3.39843,0,2.8710],
    "E9uDoFAP3SH": [-6.1230,0],
    "e9zR4mvMWw7": [0,2.75390],
    "EDJbREhghzL": [0,3.1054],
    "EU6Fwq7SyZv": [-2.5488,0,3.5742],
    "fzynW3qQPVF": [0],
    "GdvgFV5R1Z5": [0],
    "gTV8FGcVJC9": [-6.56250,-4.16015,-2.1093,0,3.2812,7.06054],
    "HxpKQynjfin": [0],
    "i5noydFURQK": [-3.4277,0],
    "JeFG25nYj2p": [0],
    "JF19kD82Mey": [0,3.16406],
    "jh4fc5c5qoQ": [0],
    "JmbYfDe2QKZ": [0,2.4902],
    "jtcxE69GiFV": [0,3.1640],
    "kEZ7cmS4wCh": [-0.5273,3.28125,6.59179],
    "mJXqzFtmKg4": [0],
    "oLBMNvg9in8": [-2.40234,0,2.84179,5.77148],
    "p5wJjkQkbXX": [-3.13476,0],
    "pa4otMbVnkk": [-3.13476,0,4.0722,7.587890],
    "pLe4wQe7qrG": [0],
    "Pm6F8kyY3z2": [0],
    "pRbA3pwrgk9": [-5.800,-2.7832,-0.9082,1.9921,6.6796],
    "PuKPg4mmafe": [0],
    "PX4nDJXEHrG": [-3.10546,0,2.9882],
    "q9vSo1VnCiC": [0],
    "qoiz87JEwZ2": [-3.310,0],
    "QUCTc6BB5sX": [-3.36914,0],
    "r1Q1Z4BcV1o": [0],
    "r47D5H71a5s": [0],
    "rPc6DW4iMge": [-3.3691,0,3.36914],
    "RPmz2sHmrrY": [0],
    "rqfALeAoiTq": [-3.36914,0,2.57812],
    "s8pcmisQ38h": [-3.31054,0,2.9003],
    "S9hNv5qa7GM": [0,2.72460],
    "sKLMLpTHeUy": [-2.87109,0,2.90039],
    "SN83YJsR3w2": [-3.60351,0,3.7207],
    "sT4fr6TAbpF": [0],
    "TbHJrupSAjP": [-2.8710,0,3.3691],
    "ULsKaCPVFJR": [0,2.78320],
    "uNb9QFRL6hY": [-1.64062,1.9628],
    "ur6pFq6Qu1A": [0],
    "UwV83HsGsw3": [0],
    "Uxmj2M2itWa": [0],
    "V2XKFyX4ASd": [-3.0468,0,2.8710,5.74218],
    "VFuaQ6m2Qom": [-3.3691,0,4.42382],
    "VLzqgDo317F": [-3.1933,3.0175],
    "Vt2qJdWjCF2": [0],
    "VVfe2KiqLaN": [0,3.22265],
    "Vvot9Ly1tCj": [0],
    "vyrNrziPKCB": [0,3.4570],
    "VzqfbhrpDEA": [0,3.4570],
    "wc2JMjhGNzB": [0,3.45703],
    "WYY7iVyf5p8": [-2.6660,0,2.84179,5.6250],
    "X7HyMhZNoso": [-0.5566,3.2226],
    "x8F5xyUWy9e": [0],
    "XcA2TqTSSAj": [-5.12695,-2.19726,0,1.99218],
    "YFuZgdQ5vWj": [-3.04687,0],
    "YmJkqBEsHnH": [0],
    "yqstnuAEVhm": [-2.28515,0,3.017578,5.917968],
    "YVUC4YcDtcY": [0],
    "Z6MFQCViBuw": [0],
    "ZMojNkEp431": [0],
    "zsNo4HB9uLZ": [0]
}